"Status","Start Time","Stop Time","Duration in ms","Parent Suite","Suite","Sub Suite","Test Class","Test Method","Name","Description"
"broken","Wed Jul 12 18:16:23 GMT 2023","Wed Jul 12 18:16:28 GMT 2023","5192","tests","test_about_us_page","","","","test_check_block_1[setup_browser_chrome]",""
"broken","Wed Jul 12 18:16:56 GMT 2023","Wed Jul 12 18:16:59 GMT 2023","2575","tests","test_cart_functionality","","","","test_next_step[setup_browser_chrome]",""
"broken","Wed Jul 12 18:17:45 GMT 2023","Wed Jul 12 18:17:50 GMT 2023","5113","tests","test_footer_functionality","","","","test_footer_link_to_menu[setup_browser_chrome-https://impresso-expresso.netlify.app/contact]",""
"broken","Wed Jul 12 18:18:27 GMT 2023","Wed Jul 12 18:18:31 GMT 2023","3938","tests","test_footer_functionality","","","","test_footer_link_to_home[setup_browser_chrome-https://impresso-expresso.netlify.app/]",""
"broken","Wed Jul 12 18:16:28 GMT 2023","Wed Jul 12 18:16:36 GMT 2023","8546","tests","test_about_us_page","","","","test_check_block_1[setup_browser_firefox]",""
"broken","Wed Jul 12 18:19:31 GMT 2023","Wed Jul 12 18:19:41 GMT 2023","10165","tests","test_navigation_menu","Tests","","","test_go_to_products_page[setup_browser_firefox]",""
"broken","Wed Jul 12 18:18:16 GMT 2023","Wed Jul 12 18:18:18 GMT 2023","1917","tests","test_contact_us_page","","","","test_check_name_contact_us[setup_browser_chrome]",""
"passed","Mon May 08 09:32:27 GMT 2023","Mon May 08 09:32:30 GMT 2023","3446","tests","test_footer_functionality","","","","test_footer_visibility[https://impresso-expresso.netlify.app/menu]",""
"broken","Wed Jul 12 18:18:59 GMT 2023","Wed Jul 12 18:19:07 GMT 2023","8046","tests","test_home_page","","","","test_titles_visibility[setup_browser_firefox]",""
"passed","Mon May 08 09:32:18 GMT 2023","Mon May 08 09:32:20 GMT 2023","1911","tests","test_navigation_menu","Tests","","","test_menu_is_visible",""
"broken","Wed Jul 12 18:17:26 GMT 2023","Wed Jul 12 18:17:33 GMT 2023","7162","tests","test_cart_functionality","","","","test_check_phone[setup_browser_firefox]",""
"passed","Mon May 08 09:35:42 GMT 2023","Mon May 08 09:35:48 GMT 2023","5841","tests","test_footer_functionality","","","","test_footer_link_to_info[https://impresso-expresso.netlify.app/about]",""
"passed","Mon May 08 09:32:49 GMT 2023","Mon May 08 09:32:52 GMT 2023","2846","tests","test_footer_functionality","","","","test_footer_visibility[https://impresso-expresso.netlify.app/contact]",""
"broken","Wed Jul 12 18:19:42 GMT 2023","Wed Jul 12 18:19:52 GMT 2023","9589","tests","test_navigation_menu","Tests","","","test_go_to_cart_page[setup_browser_firefox]",""
"broken","Wed Jul 12 18:17:50 GMT 2023","Wed Jul 12 18:18:02 GMT 2023","11784","tests","test_footer_functionality","","","","test_footer_link_to_menu[setup_browser_firefox-https://impresso-expresso.netlify.app/]",""
"broken","Wed Jul 12 18:18:23 GMT 2023","Wed Jul 12 18:18:27 GMT 2023","4590","tests","test_footer_functionality","","","","test_footer_link_to_info[setup_browser_chrome-https://impresso-expresso.netlify.app/products]",""
"broken","Wed Jul 12 18:16:23 GMT 2023","Wed Jul 12 18:16:28 GMT 2023","5218","tests","test_cart_functionality","","","","test_removing_an_item_from_the_cart[setup_browser_chrome]",""
"broken","Wed Jul 12 18:16:51 GMT 2023","Wed Jul 12 18:16:54 GMT 2023","2781","tests","test_cart_functionality","","","","test_check_name[setup_browser_chrome]",""
"broken","Wed Jul 12 18:19:55 GMT 2023","Wed Jul 12 18:19:58 GMT 2023","2583","tests","test_our_menu_page","","","","test_check_burritos_button[setup_browser_chrome]",""
"broken","Wed Jul 12 18:19:29 GMT 2023","Wed Jul 12 18:19:39 GMT 2023","10148","tests","test_navigation_menu","Tests","","","test_go_to_contactus_page[setup_browser_firefox]",""
"broken","Wed Jul 12 18:17:36 GMT 2023","Wed Jul 12 18:17:38 GMT 2023","2082","tests","test_cart_functionality","","","","test_check_email[setup_browser_chrome]",""
"broken","Wed Jul 12 18:18:29 GMT 2023","Wed Jul 12 18:18:37 GMT 2023","7915","tests","test_footer_functionality","","","","test_footer_link_to_products[setup_browser_firefox-https://impresso-expresso.netlify.app/products]",""
"broken","Wed Jul 12 18:18:16 GMT 2023","Wed Jul 12 18:18:25 GMT 2023","9255","tests","test_footer_functionality","","","","test_footer_visibility[setup_browser_firefox-https://impresso-expresso.netlify.app/contact]",""
"passed","Mon May 08 09:32:34 GMT 2023","Mon May 08 09:32:38 GMT 2023","3812","tests","test_footer_functionality","","","","test_footer_visibility[https://impresso-expresso.netlify.app/products]",""
"broken","Wed Jul 12 18:19:36 GMT 2023","Wed Jul 12 18:19:38 GMT 2023","2812","tests","test_navigation_menu","Tests","","","test_go_to_our_menu_page[setup_browser_chrome]",""
"passed","Mon May 08 09:36:01 GMT 2023","Mon May 08 09:36:06 GMT 2023","5321","tests","test_footer_functionality","","","","test_footer_link_to_contacts[https://impresso-expresso.netlify.app/]",""
"passed","Mon May 08 09:34:26 GMT 2023","Mon May 08 09:34:31 GMT 2023","5238","tests","test_footer_functionality","","","","test_footer_link_to_menu[https://impresso-expresso.netlify.app/contact]",""
"passed","Mon May 08 09:36:36 GMT 2023","Mon May 08 09:36:42 GMT 2023","5284","tests","test_footer_functionality","","","","test_footer_link_to_contacts[https://impresso-expresso.netlify.app/contact]",""
"broken","Wed Jul 12 18:18:09 GMT 2023","Wed Jul 12 18:18:13 GMT 2023","4455","tests","test_footer_functionality","","","","test_footer_visibility[setup_browser_chrome-https://impresso-expresso.netlify.app/products]",""
"broken","Wed Jul 12 18:17:51 GMT 2023","Wed Jul 12 18:18:02 GMT 2023","11078","tests","test_footer_functionality","","","","test_footer_visibility[setup_browser_firefox-https://impresso-expresso.netlify.app/products]",""
"broken","Wed Jul 12 18:16:56 GMT 2023","Wed Jul 12 18:16:58 GMT 2023","1797","tests","test_cart_functionality","","","","test_check_city[setup_browser_chrome]",""
"broken","Wed Jul 12 18:18:58 GMT 2023","Wed Jul 12 18:19:09 GMT 2023","11148","tests","test_footer_functionality","","","","test_footer_link_to_contacts[setup_browser_firefox-https://impresso-expresso.netlify.app/about]",""
"broken","Wed Jul 12 18:17:14 GMT 2023","Wed Jul 12 18:17:18 GMT 2023","3930","tests","test_footer_functionality","","","","test_footer_link_to_home[setup_browser_chrome-https://impresso-expresso.netlify.app/products]",""
"broken","Wed Jul 12 18:17:10 GMT 2023","Wed Jul 12 18:17:19 GMT 2023","8922","tests","test_cart_functionality","","","","test_check_company_name[setup_browser_firefox]",""
"broken","Wed Jul 12 18:18:34 GMT 2023","Wed Jul 12 18:18:44 GMT 2023","9941","tests","test_footer_functionality","","","","test_footer_link_to_products[setup_browser_firefox-https://impresso-expresso.netlify.app/]",""
"broken","Wed Jul 12 18:20:15 GMT 2023","Wed Jul 12 18:20:17 GMT 2023","2330","tests","test_our_menu_page","","","","test_check_tea_button[setup_browser_chrome]",""
"broken","Wed Jul 12 18:17:24 GMT 2023","Wed Jul 12 18:17:26 GMT 2023","1898","tests","test_cart_functionality","","","","test_check_phone[setup_browser_chrome]",""
"broken","Wed Jul 12 18:18:54 GMT 2023","Wed Jul 12 18:18:58 GMT 2023","4268","tests","test_footer_functionality","","","","test_footer_link_to_contacts[setup_browser_chrome-https://impresso-expresso.netlify.app/menu]",""
"broken","Wed Jul 12 18:20:01 GMT 2023","Wed Jul 12 18:20:10 GMT 2023","9593","tests","test_our_menu_page","","","","test_check_coffee_button[setup_browser_firefox]",""
"broken","Wed Jul 12 18:18:50 GMT 2023","Wed Jul 12 18:18:54 GMT 2023","4065","tests","test_footer_functionality","","","","test_footer_link_to_contacts[setup_browser_chrome-https://impresso-expresso.netlify.app/about]",""
"broken","Wed Jul 12 18:18:04 GMT 2023","Wed Jul 12 18:18:15 GMT 2023","10875","tests","test_footer_functionality","","","","test_footer_link_to_home[setup_browser_firefox-https://impresso-expresso.netlify.app/about]",""
"broken","Wed Jul 12 18:16:23 GMT 2023","Wed Jul 12 18:16:31 GMT 2023","8086","tests","test_about_us_page","","","","test_check_block_4[setup_browser_firefox]",""
"broken","Wed Jul 12 18:19:23 GMT 2023","Wed Jul 12 18:19:26 GMT 2023","2851","tests","test_navigation_menu","Tests","","","test_go_to_about_page[setup_browser_chrome]",""
"broken","Wed Jul 12 18:16:40 GMT 2023","Wed Jul 12 18:16:42 GMT 2023","1543","tests","test_about_us_page","","","","test_check_block_2[setup_browser_chrome]",""
"broken","Wed Jul 12 18:19:23 GMT 2023","Wed Jul 12 18:19:32 GMT 2023","8713","tests","test_navigation_menu","Tests","","","test_go_to_home_page[setup_browser_firefox]",""
"broken","Wed Jul 12 18:19:47 GMT 2023","Wed Jul 12 18:19:50 GMT 2023","2762","tests","test_our_menu_page","","","","test_check_smoothies_button[setup_browser_chrome]",""
"broken","Wed Jul 12 18:18:04 GMT 2023","Wed Jul 12 18:18:14 GMT 2023","10033","tests","test_footer_functionality","","","","test_footer_visibility[setup_browser_firefox-https://impresso-expresso.netlify.app/about]",""
"broken","Mon May 08 09:32:57 GMT 2023","Mon May 08 09:33:00 GMT 2023","2330","tests","test_navigation_menu","Tests","","","test_go_to_cart_page",""
"broken","Wed Jul 12 18:16:23 GMT 2023","Wed Jul 12 18:16:28 GMT 2023","5194","tests","test_cart_functionality","","","","test_check_street_address[setup_browser_chrome]",""
"broken","Wed Jul 12 18:18:49 GMT 2023","Wed Jul 12 18:18:53 GMT 2023","3870","tests","test_footer_functionality","","","","test_footer_link_to_products[setup_browser_chrome-https://impresso-expresso.netlify.app/]",""
"broken","Wed Jul 12 18:17:23 GMT 2023","Wed Jul 12 18:17:27 GMT 2023","4010","tests","test_footer_functionality","","","","test_footer_link_to_home[setup_browser_chrome-https://impresso-expresso.netlify.app/contact]",""
"broken","Wed Jul 12 18:19:26 GMT 2023","Wed Jul 12 18:19:36 GMT 2023","9205","tests","test_navigation_menu","Tests","","","test_go_to_about_page[setup_browser_firefox]",""
"broken","Wed Jul 12 18:19:43 GMT 2023","Wed Jul 12 18:19:52 GMT 2023","8997","tests","test_our_menu_page","","","","test_check_breakfast_sandwiches_button[setup_browser_firefox]",""
"broken","Wed Jul 12 18:19:29 GMT 2023","Wed Jul 12 18:19:31 GMT 2023","2256","tests","test_navigation_menu","Tests","","","test_go_to_contactus_page[setup_browser_chrome]",""
"passed","Mon May 08 09:35:51 GMT 2023","Mon May 08 09:35:58 GMT 2023","6243","tests","test_footer_functionality","","","","test_footer_link_to_info[https://impresso-expresso.netlify.app/contact]",""
"broken","Wed Jul 12 18:17:39 GMT 2023","Wed Jul 12 18:17:49 GMT 2023","10668","tests","test_footer_functionality","","","","test_footer_visibility[setup_browser_firefox-https://impresso-expresso.netlify.app/menu]",""
"broken","Wed Jul 12 18:19:17 GMT 2023","Wed Jul 12 18:19:28 GMT 2023","11057","tests","test_footer_functionality","","","","test_footer_link_to_contacts[setup_browser_firefox-https://impresso-expresso.netlify.app/products]",""
"broken","Wed Jul 12 18:17:12 GMT 2023","Wed Jul 12 18:17:14 GMT 2023","2359","tests","test_cart_functionality","","","","test_previous_step[setup_browser_chrome]",""
"broken","Wed Jul 12 18:18:18 GMT 2023","Wed Jul 12 18:18:23 GMT 2023","4268","tests","test_footer_functionality","","","","test_footer_link_to_info[setup_browser_chrome-https://impresso-expresso.netlify.app/menu]",""
"broken","Wed Jul 12 18:17:40 GMT 2023","Wed Jul 12 18:17:44 GMT 2023","4485","tests","test_footer_functionality","","","","test_footer_link_to_menu[setup_browser_chrome-https://impresso-expresso.netlify.app/about]",""
"passed","Mon May 08 09:33:35 GMT 2023","Mon May 08 09:33:41 GMT 2023","5270","tests","test_footer_functionality","","","","test_footer_link_to_home[https://impresso-expresso.netlify.app/about]",""
"passed","Mon May 08 09:35:25 GMT 2023","Mon May 08 09:35:31 GMT 2023","5341","tests","test_footer_functionality","","","","test_footer_link_to_info[https://impresso-expresso.netlify.app/menu]",""
"broken","Wed Jul 12 18:18:36 GMT 2023","Wed Jul 12 18:18:47 GMT 2023","11315","tests","test_footer_functionality","","","","test_footer_link_to_info[setup_browser_firefox-https://impresso-expresso.netlify.app/contact]",""
"broken","Wed Jul 12 18:16:44 GMT 2023","Wed Jul 12 18:16:52 GMT 2023","8920","tests","test_cart_functionality","","","","test_privacy_display[setup_browser_firefox]",""
"broken","Wed Jul 12 18:18:26 GMT 2023","Wed Jul 12 18:18:34 GMT 2023","8117","tests","test_footer_functionality","","","","test_footer_link_to_menu[setup_browser_firefox-https://impresso-expresso.netlify.app/about]",""
"broken","Wed Jul 12 18:20:03 GMT 2023","Wed Jul 12 18:20:05 GMT 2023","2532","tests","test_our_menu_page","","","","test_check_bakery_button[setup_browser_chrome]",""
"broken","Wed Jul 12 18:18:31 GMT 2023","Wed Jul 12 18:18:35 GMT 2023","4239","tests","test_footer_functionality","","","","test_footer_link_to_home[setup_browser_chrome-https://impresso-expresso.netlify.app/menu]",""
"broken","Wed Jul 12 18:19:32 GMT 2023","Wed Jul 12 18:19:34 GMT 2023","2718","tests","test_our_menu_page","","","","test_check_all_button[setup_browser_chrome]",""
"broken","Wed Jul 12 18:20:05 GMT 2023","Wed Jul 12 18:20:14 GMT 2023","8987","tests","test_our_menu_page","","","","test_check_tea_button[setup_browser_firefox]",""
"broken","Wed Jul 12 18:17:27 GMT 2023","Wed Jul 12 18:17:37 GMT 2023","9698","tests","test_footer_functionality","","","","test_footer_link_to_home[setup_browser_firefox-https://impresso-expresso.netlify.app/]",""
"passed","Mon May 08 09:34:34 GMT 2023","Mon May 08 09:34:40 GMT 2023","5899","tests","test_footer_functionality","","","","test_footer_link_to_products[https://impresso-expresso.netlify.app/]",""
"broken","Wed Jul 12 18:19:56 GMT 2023","Wed Jul 12 18:20:06 GMT 2023","9926","tests","test_our_menu_page","","","","test_check_salads_button[setup_browser_firefox]",""
"broken","Wed Jul 12 18:19:41 GMT 2023","Wed Jul 12 18:19:44 GMT 2023","2673","tests","test_our_menu_page","","","","test_check_breakfast_sandwiches_button[setup_browser_chrome]",""
"broken","Wed Jul 12 18:19:37 GMT 2023","Wed Jul 12 18:19:46 GMT 2023","8605","tests","test_our_menu_page","","","","test_check_acai_bowls_button[setup_browser_firefox]",""
"broken","Wed Jul 12 18:16:53 GMT 2023","Wed Jul 12 18:16:56 GMT 2023","2699","tests","test_about_us_page","","","","test_check_block_3[setup_browser_chrome]",""
"broken","Wed Jul 12 18:16:44 GMT 2023","Wed Jul 12 18:16:53 GMT 2023","9024","tests","test_cart_functionality","","","","test_check_street_address_2[setup_browser_firefox]",""
"passed","Mon May 08 09:32:44 GMT 2023","Mon May 08 09:32:47 GMT 2023","2352","tests","test_navigation_menu","Tests","","","test_go_to_about_page",""
"broken","Wed Jul 12 18:18:54 GMT 2023","Wed Jul 12 18:18:59 GMT 2023","4489","tests","test_footer_functionality","","","","test_footer_link_to_contacts[setup_browser_chrome-https://impresso-expresso.netlify.app/contact]",""
"broken","Wed Jul 12 18:18:39 GMT 2023","Wed Jul 12 18:18:51 GMT 2023","12051","tests","test_footer_functionality","","","","test_footer_link_to_products[setup_browser_firefox-https://impresso-expresso.netlify.app/about]",""
"passed","Mon May 08 09:33:16 GMT 2023","Mon May 08 09:33:32 GMT 2023","15579","tests","test_footer_functionality","","","","test_footer_link_to_home[https://impresso-expresso.netlify.app/products]",""
"broken","Wed Jul 12 18:18:15 GMT 2023","Wed Jul 12 18:18:24 GMT 2023","9124","tests","test_footer_functionality","","","","test_footer_link_to_menu[setup_browser_firefox-https://impresso-expresso.netlify.app/products]",""
"passed","Mon May 08 09:32:57 GMT 2023","Mon May 08 09:33:04 GMT 2023","7094","tests","test_footer_functionality","","","","test_footer_link_to_home[https://impresso-expresso.netlify.app/]",""
"broken","Wed Jul 12 18:18:26 GMT 2023","Wed Jul 12 18:18:30 GMT 2023","3573","tests","test_footer_functionality","","","","test_footer_link_to_products[setup_browser_chrome-https://impresso-expresso.netlify.app/about]",""
"broken","Wed Jul 12 18:18:05 GMT 2023","Wed Jul 12 18:18:13 GMT 2023","8317","tests","test_cart_functionality","","","","test_check_province[setup_browser_firefox]",""
"passed","Mon May 08 09:32:19 GMT 2023","Mon May 08 09:32:22 GMT 2023","3673","tests","test_home_page","","","","test_titles_visibility",""
"broken","Wed Jul 12 18:17:39 GMT 2023","Wed Jul 12 18:17:49 GMT 2023","10789","tests","test_footer_functionality","","","","test_footer_link_to_home[setup_browser_firefox-https://impresso-expresso.netlify.app/menu]",""
"broken","Wed Jul 12 18:16:56 GMT 2023","Wed Jul 12 18:17:05 GMT 2023","9031","tests","test_about_us_page","","","","test_check_block_3[setup_browser_firefox]",""
"broken","Wed Jul 12 18:17:07 GMT 2023","Wed Jul 12 18:17:10 GMT 2023","2630","tests","test_cart_functionality","","","","test_check_prices[setup_browser_chrome]",""
"broken","Wed Jul 12 18:19:05 GMT 2023","Wed Jul 12 18:19:15 GMT 2023","10630","tests","test_footer_functionality","","","","test_footer_link_to_contacts[setup_browser_firefox-https://impresso-expresso.netlify.app/menu]",""
"broken","Wed Jul 12 18:19:13 GMT 2023","Wed Jul 12 18:19:22 GMT 2023","8824","tests","test_navigation_menu","Tests","","","test_go_to_our_menu_page[setup_browser_firefox]",""
"broken","Wed Jul 12 18:20:11 GMT 2023","Wed Jul 12 18:20:14 GMT 2023","3095","tests","test_our_menu_page","","","","test_check_coffee_button[setup_browser_chrome]",""
"broken","Wed Jul 12 18:16:54 GMT 2023","Wed Jul 12 18:17:03 GMT 2023","8911","tests","test_cart_functionality","","","","test_check_name[setup_browser_firefox]",""
"passed","Mon May 08 09:32:42 GMT 2023","Mon May 08 09:32:45 GMT 2023","3049","tests","test_footer_functionality","","","","test_footer_visibility[https://impresso-expresso.netlify.app/about]",""
"broken","Wed Jul 12 18:19:26 GMT 2023","Wed Jul 12 18:19:28 GMT 2023","2452","tests","test_home_page","","","","test_titles_visibility[setup_browser_chrome]",""
"broken","Wed Jul 12 18:18:35 GMT 2023","Wed Jul 12 18:18:46 GMT 2023","10511","tests","test_footer_functionality","","","","test_footer_link_to_info[setup_browser_firefox-https://impresso-expresso.netlify.app/]",""
"broken","Wed Jul 12 18:19:44 GMT 2023","Wed Jul 12 18:19:47 GMT 2023","2762","tests","test_our_menu_page","","","","test_check_salads_button[setup_browser_chrome]",""
"broken","Wed Jul 12 18:18:04 GMT 2023","Wed Jul 12 18:18:08 GMT 2023","4710","tests","test_footer_functionality","","","","test_footer_visibility[setup_browser_chrome-https://impresso-expresso.netlify.app/menu]",""
"broken","Wed Jul 12 18:18:53 GMT 2023","Wed Jul 12 18:19:01 GMT 2023","8051","tests","test_footer_functionality","","","","test_footer_link_to_products[setup_browser_firefox-https://impresso-expresso.netlify.app/contact]",""
"broken","Wed Jul 12 18:19:34 GMT 2023","Wed Jul 12 18:19:37 GMT 2023","2678","tests","test_our_menu_page","","","","test_check_acai_bowls_button[setup_browser_chrome]",""
"broken","Wed Jul 12 18:16:42 GMT 2023","Wed Jul 12 18:16:50 GMT 2023","7808","tests","test_about_us_page","","","","test_check_block_2[setup_browser_firefox]",""
"broken","Wed Jul 12 18:18:03 GMT 2023","Wed Jul 12 18:18:13 GMT 2023","10042","tests","test_footer_functionality","","","","test_footer_link_to_menu[setup_browser_firefox-https://impresso-expresso.netlify.app/menu]",""
"broken","Wed Jul 12 18:17:14 GMT 2023","Wed Jul 12 18:17:25 GMT 2023","10577","tests","test_footer_functionality","","","","test_footer_link_to_home[setup_browser_firefox-https://impresso-expresso.netlify.app/contact]",""
"broken","Wed Jul 12 18:18:30 GMT 2023","Wed Jul 12 18:18:33 GMT 2023","3705","tests","test_footer_functionality","","","","test_footer_link_to_products[setup_browser_chrome-https://impresso-expresso.netlify.app/contact]",""
"broken","Mon May 08 09:32:18 GMT 2023","Mon May 08 09:32:56 GMT 2023","38000","tests","test_cart_functionality","","","","test_add_to_cart",""
"broken","Wed Jul 12 18:16:51 GMT 2023","Wed Jul 12 18:16:53 GMT 2023","2760","tests","test_cart_functionality","","","","test_add_to_cart[setup_browser_chrome]",""
"broken","Wed Jul 12 18:18:22 GMT 2023","Wed Jul 12 18:18:26 GMT 2023","4495","tests","test_footer_functionality","","","","test_footer_link_to_products[setup_browser_chrome-https://impresso-expresso.netlify.app/products]",""
"broken","Wed Jul 12 18:19:11 GMT 2023","Wed Jul 12 18:19:13 GMT 2023","2481","tests","test_navigation_menu","Tests","","","test_menu_is_visible[setup_browser_chrome]",""
"broken","Wed Jul 12 18:16:23 GMT 2023","Wed Jul 12 18:16:31 GMT 2023","8140","tests","test_cart_functionality","","","","test_previous_step[setup_browser_firefox]",""
"broken","Wed Jul 12 18:18:03 GMT 2023","Wed Jul 12 18:18:05 GMT 2023","2108","tests","test_cart_functionality","","","","test_check_province[setup_browser_chrome]",""
"broken","Wed Jul 12 18:17:18 GMT 2023","Wed Jul 12 18:17:23 GMT 2023","4904","tests","test_footer_functionality","","","","test_footer_link_to_home[setup_browser_chrome-https://impresso-expresso.netlify.app/about]",""
"broken","Wed Jul 12 18:17:51 GMT 2023","Wed Jul 12 18:18:00 GMT 2023","9224","tests","test_cart_functionality","","","","test_check_country[setup_browser_firefox]",""
"passed","Mon May 08 09:34:59 GMT 2023","Mon May 08 09:35:05 GMT 2023","5293","tests","test_footer_functionality","","","","test_footer_link_to_products[https://impresso-expresso.netlify.app/about]",""
"broken","Wed Jul 12 18:19:40 GMT 2023","Wed Jul 12 18:19:42 GMT 2023","2565","tests","test_navigation_menu","Tests","","","test_go_to_cart_page[setup_browser_chrome]",""
"broken","Wed Jul 12 18:17:07 GMT 2023","Wed Jul 12 18:17:10 GMT 2023","2508","tests","test_cart_functionality","","","","test_check_company_name[setup_browser_chrome]",""
"passed","Mon May 08 09:32:25 GMT 2023","Mon May 08 09:32:27 GMT 2023","2643","tests","test_navigation_menu","Tests","","","test_go_to_home_page",""
"broken","Wed Jul 12 18:18:17 GMT 2023","Wed Jul 12 18:18:21 GMT 2023","4615","tests","test_footer_functionality","","","","test_footer_link_to_products[setup_browser_chrome-https://impresso-expresso.netlify.app/menu]",""
"broken","Wed Jul 12 18:16:34 GMT 2023","Wed Jul 12 18:16:37 GMT 2023","2764","tests","test_about_us_page","","","","test_check_block_5[setup_browser_chrome]",""
"passed","Mon May 08 09:32:18 GMT 2023","Mon May 08 09:32:22 GMT 2023","4093","tests","test_footer_functionality","","","","test_footer_visibility[https://impresso-expresso.netlify.app/]",""
"broken","Wed Jul 12 18:16:37 GMT 2023","Wed Jul 12 18:16:46 GMT 2023","8796","tests","test_cart_functionality","","","","test_check_empty_fields[setup_browser_firefox]",""
"passed","Mon May 08 09:34:18 GMT 2023","Mon May 08 09:34:23 GMT 2023","5253","tests","test_footer_functionality","","","","test_footer_link_to_menu[https://impresso-expresso.netlify.app/about]",""
"broken","Wed Jul 12 18:17:10 GMT 2023","Wed Jul 12 18:17:18 GMT 2023","8015","tests","test_cart_functionality","","","","test_check_prices[setup_browser_firefox]",""
"broken","Wed Jul 12 18:18:18 GMT 2023","Wed Jul 12 18:18:27 GMT 2023","9891","tests","test_footer_functionality","","","","test_footer_link_to_products[setup_browser_firefox-https://impresso-expresso.netlify.app/menu]",""
"passed","Mon May 08 09:34:51 GMT 2023","Mon May 08 09:34:57 GMT 2023","5409","tests","test_footer_functionality","","","","test_footer_link_to_products[https://impresso-expresso.netlify.app/products]",""
"broken","Wed Jul 12 18:18:27 GMT 2023","Wed Jul 12 18:18:31 GMT 2023","3998","tests","test_footer_functionality","","","","test_footer_link_to_info[setup_browser_chrome-https://impresso-expresso.netlify.app/about]",""
"broken","Wed Jul 12 18:17:21 GMT 2023","Wed Jul 12 18:17:29 GMT 2023","7377","tests","test_contact_us_page","","","","test_check_name_contact_us[setup_browser_firefox]",""
"broken","Wed Jul 12 18:19:21 GMT 2023","Wed Jul 12 18:19:23 GMT 2023","2674","tests","test_navigation_menu","Tests","","","test_go_to_home_page[setup_browser_chrome]",""
"broken","Wed Jul 12 18:18:32 GMT 2023","Wed Jul 12 18:18:36 GMT 2023","4007","tests","test_footer_functionality","","","","test_footer_link_to_info[setup_browser_chrome-https://impresso-expresso.netlify.app/contact]",""
"broken","Wed Jul 12 18:18:46 GMT 2023","Wed Jul 12 18:18:50 GMT 2023","4207","tests","test_footer_functionality","","","","test_footer_link_to_contacts[setup_browser_chrome-https://impresso-expresso.netlify.app/products]",""
"broken","Wed Jul 12 18:19:03 GMT 2023","Wed Jul 12 18:19:08 GMT 2023","4477","tests","test_footer_functionality","","","","test_footer_link_to_info[setup_browser_chrome-https://impresso-expresso.netlify.app/]",""
"broken","Wed Jul 12 18:17:49 GMT 2023","Wed Jul 12 18:17:50 GMT 2023","1640","tests","test_cart_functionality","","","","test_check_country[setup_browser_chrome]",""
"broken","Wed Jul 12 18:17:26 GMT 2023","Wed Jul 12 18:17:31 GMT 2023","4474","tests","test_footer_functionality","","","","test_footer_link_to_menu[setup_browser_chrome-https://impresso-expresso.netlify.app/]",""
"broken","Wed Jul 12 18:19:38 GMT 2023","Wed Jul 12 18:19:41 GMT 2023","2583","tests","test_our_menu_page","","","","test_check_soups_button[setup_browser_chrome]",""
"broken","Wed Jul 12 18:18:49 GMT 2023","Wed Jul 12 18:18:53 GMT 2023","4121","tests","test_footer_functionality","","","","test_footer_link_to_contacts[setup_browser_chrome-https://impresso-expresso.netlify.app/]",""
"broken","Wed Jul 12 18:18:57 GMT 2023","Wed Jul 12 18:19:08 GMT 2023","10358","tests","test_footer_functionality","","","","test_footer_link_to_info[setup_browser_firefox-https://impresso-expresso.netlify.app/products]",""
"broken","Wed Jul 12 18:17:45 GMT 2023","Wed Jul 12 18:17:48 GMT 2023","2914","tests","test_contact_us_page","","","","test_check_description_contact_us[setup_browser_chrome]",""
"broken","Wed Jul 12 18:17:48 GMT 2023","Wed Jul 12 18:17:55 GMT 2023","6713","tests","test_contact_us_page","","","","test_check_description_contact_us[setup_browser_firefox]",""
"broken","Wed Jul 12 18:18:53 GMT 2023","Wed Jul 12 18:19:02 GMT 2023","8976","tests","test_footer_functionality","","","","test_footer_link_to_contacts[setup_browser_firefox-https://impresso-expresso.netlify.app/]",""
"broken","Wed Jul 12 18:19:57 GMT 2023","Wed Jul 12 18:20:07 GMT 2023","9914","tests","test_our_menu_page","","","","test_check_burritos_button[setup_browser_firefox]",""
"passed","Mon May 08 09:33:44 GMT 2023","Mon May 08 09:33:49 GMT 2023","5015","tests","test_footer_functionality","","","","test_footer_link_to_home[https://impresso-expresso.netlify.app/contact]",""
"broken","Wed Jul 12 18:17:38 GMT 2023","Wed Jul 12 18:17:46 GMT 2023","7393","tests","test_cart_functionality","","","","test_check_email[setup_browser_firefox]",""
"passed","Mon May 08 09:33:52 GMT 2023","Mon May 08 09:33:58 GMT 2023","5903","tests","test_footer_functionality","","","","test_footer_link_to_menu[https://impresso-expresso.netlify.app/]",""
"broken","Wed Jul 12 18:19:10 GMT 2023","Wed Jul 12 18:19:21 GMT 2023","10651","tests","test_footer_functionality","","","","test_footer_link_to_info[setup_browser_firefox-https://impresso-expresso.netlify.app/about]",""
"passed","Mon May 08 09:32:38 GMT 2023","Mon May 08 09:32:41 GMT 2023","2305","tests","test_navigation_menu","Tests","","","test_go_to_products_page",""
"broken","Wed Jul 12 18:20:04 GMT 2023","Wed Jul 12 18:20:13 GMT 2023","9809","tests","test_our_menu_page","","","","test_check_bakery_button[setup_browser_firefox]",""
"passed","Mon May 08 09:34:01 GMT 2023","Mon May 08 09:34:06 GMT 2023","5479","tests","test_footer_functionality","","","","test_footer_link_to_menu[https://impresso-expresso.netlify.app/menu]",""
"broken","Wed Jul 12 18:19:11 GMT 2023","Wed Jul 12 18:19:23 GMT 2023","11724","tests","test_footer_functionality","","","","test_footer_link_to_contacts[setup_browser_firefox-https://impresso-expresso.netlify.app/contact]",""
"broken","Wed Jul 12 18:17:22 GMT 2023","Wed Jul 12 18:17:26 GMT 2023","3965","tests","test_footer_functionality","","","","test_footer_visibility[setup_browser_chrome-https://impresso-expresso.netlify.app/contact]",""
"broken","Wed Jul 12 18:16:41 GMT 2023","Wed Jul 12 18:16:43 GMT 2023","2392","tests","test_cart_functionality","","","","test_privacy_display[setup_browser_chrome]",""
"broken","Wed Jul 12 18:17:09 GMT 2023","Wed Jul 12 18:17:12 GMT 2023","2486","tests","test_about_us_page","","","","test_check_block_4[setup_browser_chrome]",""
"broken","Wed Jul 12 18:19:26 GMT 2023","Wed Jul 12 18:19:29 GMT 2023","2370","tests","test_navigation_menu","Tests","","","test_go_to_products_page[setup_browser_chrome]",""
"broken","Wed Jul 12 18:19:58 GMT 2023","Wed Jul 12 18:20:01 GMT 2023","2694","tests","test_our_menu_page","","","","test_check_bagels_button[setup_browser_chrome]",""
"broken","Wed Jul 12 18:19:43 GMT 2023","Wed Jul 12 18:19:53 GMT 2023","9732","tests","test_our_menu_page","","","","test_check_all_button[setup_browser_firefox]",""
"passed","Mon May 08 09:32:51 GMT 2023","Mon May 08 09:32:53 GMT 2023","2389","tests","test_navigation_menu","Tests","","","test_go_to_contactus_page",""
"broken","Wed Jul 12 18:16:28 GMT 2023","Wed Jul 12 18:16:38 GMT 2023","9702","tests","test_cart_functionality","","","","test_check_street_address[setup_browser_firefox]",""
"broken","Wed Jul 12 18:19:08 GMT 2023","Wed Jul 12 18:19:17 GMT 2023","9140","tests","test_navigation_menu","Tests","","","test_menu_is_visible[setup_browser_firefox]",""
"broken","Wed Jul 12 18:16:28 GMT 2023","Wed Jul 12 18:16:37 GMT 2023","9100","tests","test_cart_functionality","","","","test_removing_an_item_from_the_cart[setup_browser_firefox]",""
"passed","Mon May 08 09:36:19 GMT 2023","Mon May 08 09:36:25 GMT 2023","5589","tests","test_footer_functionality","","","","test_footer_link_to_contacts[https://impresso-expresso.netlify.app/products]",""
"passed","Mon May 08 09:35:16 GMT 2023","Mon May 08 09:35:23 GMT 2023","6066","tests","test_footer_functionality","","","","test_footer_link_to_info[https://impresso-expresso.netlify.app/]",""
"broken","Wed Jul 12 18:20:10 GMT 2023","Wed Jul 12 18:20:18 GMT 2023","7694","tests","test_our_menu_page","","","","test_check_bagels_button[setup_browser_firefox]",""
"broken","Wed Jul 12 18:16:41 GMT 2023","Wed Jul 12 18:16:44 GMT 2023","2545","tests","test_cart_functionality","","","","test_check_street_address_2[setup_browser_chrome]",""
"passed","Mon May 08 09:35:34 GMT 2023","Mon May 08 09:35:39 GMT 2023","5492","tests","test_footer_functionality","","","","test_footer_link_to_info[https://impresso-expresso.netlify.app/products]",""
"broken","Wed Jul 12 18:17:12 GMT 2023","Wed Jul 12 18:17:20 GMT 2023","8256","tests","test_cart_functionality","","","","test_check_postal_code[setup_browser_firefox]",""
"broken","Wed Jul 12 18:16:34 GMT 2023","Wed Jul 12 18:16:37 GMT 2023","2961","tests","test_cart_functionality","","","","test_check_empty_fields[setup_browser_chrome]",""
"broken","Wed Jul 12 18:16:58 GMT 2023","Wed Jul 12 18:17:08 GMT 2023","9374","tests","test_cart_functionality","","","","test_check_city[setup_browser_firefox]",""
"broken","Wed Jul 12 18:17:11 GMT 2023","Wed Jul 12 18:17:14 GMT 2023","2162","tests","test_cart_functionality","","","","test_check_postal_code[setup_browser_chrome]",""
"broken","Wed Jul 12 18:19:49 GMT 2023","Wed Jul 12 18:19:59 GMT 2023","9574","tests","test_our_menu_page","","","","test_check_soups_button[setup_browser_firefox]",""
"passed","Mon May 08 09:35:08 GMT 2023","Mon May 08 09:35:14 GMT 2023","6010","tests","test_footer_functionality","","","","test_footer_link_to_products[https://impresso-expresso.netlify.app/contact]",""
"broken","Wed Jul 12 18:19:50 GMT 2023","Wed Jul 12 18:20:00 GMT 2023","9669","tests","test_our_menu_page","","","","test_check_smoothies_button[setup_browser_firefox]",""
"broken","Wed Jul 12 18:17:32 GMT 2023","Wed Jul 12 18:17:35 GMT 2023","2394","tests","test_contact_us_page","","","","test_check_email_contact_us[setup_browser_chrome]",""
"broken","Wed Jul 12 18:16:59 GMT 2023","Wed Jul 12 18:17:08 GMT 2023","8815","tests","test_cart_functionality","","","","test_next_step[setup_browser_firefox]",""
"passed","Mon May 08 09:32:31 GMT 2023","Mon May 08 09:32:34 GMT 2023","2926","tests","test_navigation_menu","Tests","","","test_go_to_our_menu_page",""
"passed","Mon May 08 09:34:43 GMT 2023","Mon May 08 09:34:48 GMT 2023","5293","tests","test_footer_functionality","","","","test_footer_link_to_products[https://impresso-expresso.netlify.app/menu]",""
"broken","Wed Jul 12 18:16:54 GMT 2023","Wed Jul 12 18:17:02 GMT 2023","8610","tests","test_cart_functionality","","","","test_add_to_cart[setup_browser_firefox]",""
"broken","Wed Jul 12 18:17:59 GMT 2023","Wed Jul 12 18:18:04 GMT 2023","4771","tests","test_footer_functionality","","","","test_footer_visibility[setup_browser_chrome-https://impresso-expresso.netlify.app/]",""
"broken","Wed Jul 12 18:17:36 GMT 2023","Wed Jul 12 18:17:40 GMT 2023","4303","tests","test_footer_functionality","","","","test_footer_link_to_menu[setup_browser_chrome-https://impresso-expresso.netlify.app/products]",""
"broken","Wed Jul 12 18:18:47 GMT 2023","Wed Jul 12 18:18:55 GMT 2023","8037","tests","test_footer_functionality","","","","test_footer_link_to_info[setup_browser_firefox-https://impresso-expresso.netlify.app/menu]",""
"broken","Wed Jul 12 18:18:13 GMT 2023","Wed Jul 12 18:18:17 GMT 2023","4309","tests","test_footer_functionality","","","","test_footer_visibility[setup_browser_chrome-https://impresso-expresso.netlify.app/about]",""
"broken","Wed Jul 12 18:17:35 GMT 2023","Wed Jul 12 18:17:42 GMT 2023","6949","tests","test_contact_us_page","","","","test_check_email_contact_us[setup_browser_firefox]",""
"broken","Wed Jul 12 18:17:26 GMT 2023","Wed Jul 12 18:17:37 GMT 2023","10594","tests","test_footer_functionality","","","","test_footer_visibility[setup_browser_firefox-https://impresso-expresso.netlify.app/]",""
"passed","Mon May 08 09:36:11 GMT 2023","Mon May 08 09:36:16 GMT 2023","5839","tests","test_footer_functionality","","","","test_footer_link_to_contacts[https://impresso-expresso.netlify.app/menu]",""
"passed","Mon May 08 09:34:10 GMT 2023","Mon May 08 09:34:15 GMT 2023","5401","tests","test_footer_functionality","","","","test_footer_link_to_menu[https://impresso-expresso.netlify.app/products]",""
"broken","Wed Jul 12 18:17:52 GMT 2023","Wed Jul 12 18:18:03 GMT 2023","10913","tests","test_footer_functionality","","","","test_footer_link_to_home[setup_browser_firefox-https://impresso-expresso.netlify.app/products]",""
"broken","Wed Jul 12 18:17:31 GMT 2023","Wed Jul 12 18:17:36 GMT 2023","4720","tests","test_footer_functionality","","","","test_footer_link_to_menu[setup_browser_chrome-https://impresso-expresso.netlify.app/menu]",""
"passed","Mon May 08 09:36:28 GMT 2023","Mon May 08 09:36:33 GMT 2023","5551","tests","test_footer_functionality","","","","test_footer_link_to_contacts[https://impresso-expresso.netlify.app/about]",""
"broken","Wed Jul 12 18:16:37 GMT 2023","Wed Jul 12 18:16:47 GMT 2023","9976","tests","test_about_us_page","","","","test_check_block_5[setup_browser_firefox]",""
"broken","Wed Jul 12 18:18:36 GMT 2023","Wed Jul 12 18:18:47 GMT 2023","11351","tests","test_footer_functionality","","","","test_footer_link_to_menu[setup_browser_firefox-https://impresso-expresso.netlify.app/contact]",""
"passed","Mon May 08 09:33:07 GMT 2023","Mon May 08 09:33:12 GMT 2023","5480","tests","test_footer_functionality","","","","test_footer_link_to_home[https://impresso-expresso.netlify.app/menu]",""
